country_region,date,retail_and_recreation_percent_change_from_baseline,grocery_and_pharmacy_percent_change_from_baseline,parks_percent_change_from_baseline,transit_stations_percent_change_from_baseline,workplaces_percent_change_from_baseline,residential_percent_change_from_baseline
Nigeria,2020-02-15,3,1,7,3,5,0
Nigeria,2020-02-16,2,-1,5,0,3,0
Nigeria,2020-02-17,0,-2,2,0,3,1
Nigeria,2020-02-18,0,-5,0,0,2,0
Nigeria,2020-02-19,-2,-4,0,-2,1,1
Nigeria,2020-02-20,-2,-3,0,-1,-1,1
Nigeria,2020-02-21,-1,-4,3,-1,1,1
Nigeria,2020-02-22,1,-3,1,-2,2,0
Nigeria,2020-02-23,-1,-5,-1,-1,0,0
Nigeria,2020-02-24,-3,-5,-2,-2,2,1
Nigeria,2020-02-25,0,-5,1,1,2,0
Nigeria,2020-02-26,-2,-3,0,0,2,0
Nigeria,2020-02-27,1,0,3,1,3,1
Nigeria,2020-02-28,1,1,2,2,4,1
Nigeria,2020-02-29,1,1,2,2,2,0
Nigeria,2020-03-01,1,1,1,1,3,0
Nigeria,2020-03-02,-1,-2,-1,-1,3,1
Nigeria,2020-03-03,1,-2,2,2,2,0
Nigeria,2020-03-04,1,0,0,0,2,0
Nigeria,2020-03-05,3,1,5,4,3,0
Nigeria,2020-03-06,1,0,8,2,5,1
Nigeria,2020-03-07,4,3,5,5,5,-1
Nigeria,2020-03-08,2,0,3,1,4,0
Nigeria,2020-03-09,1,-1,4,2,3,0
Nigeria,2020-03-10,1,-2,8,4,2,0
Nigeria,2020-03-11,-1,-2,6,0,1,1
Nigeria,2020-03-12,0,-1,9,2,1,1
Nigeria,2020-03-13,0,0,8,2,3,1
Nigeria,2020-03-14,1,0,6,2,2,0
Nigeria,2020-03-15,0,-3,7,-2,1,1
Nigeria,2020-03-16,-2,-3,3,1,0,1
Nigeria,2020-03-17,-1,-4,4,1,0,1
Nigeria,2020-03-18,-3,0,3,-2,0,1
Nigeria,2020-03-19,-1,4,-2,-2,0,1
Nigeria,2020-03-20,-3,4,-2,0,2,2
Nigeria,2020-03-21,-6,0,-7,-3,1,2
Nigeria,2020-03-22,-15,-6,-12,-11,-3,6
Nigeria,2020-03-23,-12,-1,-14,-11,-10,7
Nigeria,2020-03-24,-19,-5,-20,-16,-20,11
Nigeria,2020-03-25,-18,4,-17,-9,-25,11
Nigeria,2020-03-26,-30,-12,-27,-26,-34,16
Nigeria,2020-03-27,-38,-20,-30,-32,-35,19
Nigeria,2020-03-28,-40,-26,-31,-34,-19,13
Nigeria,2020-03-29,-39,-25,-24,-34,-11,15
Nigeria,2020-03-30,-25,-5,-27,-24,-42,18
Nigeria,2020-03-31,-54,-43,-45,-55,-55,28
Nigeria,2020-04-01,-56,-44,-47,-55,-56,29
Nigeria,2020-04-02,-53,-38,-42,-52,-54,28
Nigeria,2020-04-03,-56,-42,-45,-52,-52,30
Nigeria,2020-04-04,-54,-43,-43,-51,-30,20
Nigeria,2020-04-05,-49,-36,-34,-46,-14,19
Nigeria,2020-04-06,-53,-40,-45,-53,-54,29
Nigeria,2020-04-07,-50,-37,-44,-50,-53,26
Nigeria,2020-04-08,-54,-39,-46,-54,-54,27
Nigeria,2020-04-09,-54,-39,-45,-52,-53,28
Nigeria,2020-04-10,-57,-41,-46,-54,-56,31
Nigeria,2020-04-11,-52,-35,-41,-48,-27,19
Nigeria,2020-04-12,-51,-37,-35,-49,-14,19
Nigeria,2020-04-13,-57,-45,-48,-58,-62,33
Nigeria,2020-04-14,-55,-43,-47,-55,-53,29
Nigeria,2020-04-15,-53,-37,-47,-55,-52,29
Nigeria,2020-04-16,-54,-39,-46,-54,-51,29
Nigeria,2020-04-17,-55,-42,-46,-54,-49,31
Nigeria,2020-04-18,-54,-45,-46,-52,-26,21
Nigeria,2020-04-19,-54,-46,-42,-53,-13,21
Nigeria,2020-04-20,-55,-45,-49,-56,-52,31
Nigeria,2020-04-21,-55,-47,-50,-56,-53,30
Nigeria,2020-04-22,-54,-42,-48,-57,-52,29
Nigeria,2020-04-23,-56,-44,-49,-55,-51,30
Nigeria,2020-04-24,-57,-45,-49,-55,-48,32
Nigeria,2020-04-25,-55,-44,-47,-52,-26,22
Nigeria,2020-04-26,-56,-48,-43,-54,-13,22
Nigeria,2020-04-27,-56,-45,-49,-55,-51,31
Nigeria,2020-04-28,-58,-48,-49,-55,-52,28
Nigeria,2020-04-29,-53,-42,-48,-54,-51,30
Nigeria,2020-04-30,-56,-45,-51,-54,-50,30
Nigeria,2020-05-01,-57,-45,-53,-54,-52,32
Nigeria,2020-05-02,-53,-43,-51,-51,-21,21
Nigeria,2020-05-03,-54,-46,-48,-52,-10,21
Nigeria,2020-05-04,-41,-32,-44,-38,-38,24
Nigeria,2020-05-05,-44,-35,-46,-40,-41,25
Nigeria,2020-05-06,-37,-26,-41,-33,-37,23
Nigeria,2020-05-07,-45,-33,-45,-39,-40,25
Nigeria,2020-05-08,-42,-32,-42,-33,-34,25
Nigeria,2020-05-09,-44,-32,-44,-36,-15,17
Nigeria,2020-05-10,-49,-40,-43,-44,-7,20
Nigeria,2020-05-11,-38,-29,-41,-32,-36,23
Nigeria,2020-05-12,-40,-30,-44,-35,-38,23
Nigeria,2020-05-13,-35,-24,-41,-31,-34,21
Nigeria,2020-05-14,-41,-29,-44,-36,-36,21
Nigeria,2020-05-15,-38,-26,-41,-30,-29,22
Nigeria,2020-05-16,-38,-27,-41,-33,-8,15
Nigeria,2020-05-17,-44,-34,-42,-40,-2,17
Nigeria,2020-05-18,-36,-28,-41,-30,-33,22
Nigeria,2020-05-19,-42,-34,-45,-37,-38,24
Nigeria,2020-05-20,-35,-25,-38,-28,-33,21
Nigeria,2020-05-21,-37,-26,-41,-32,-34,22
Nigeria,2020-05-22,-34,-22,-38,-25,-27,20
Nigeria,2020-05-23,-37,-25,-41,-31,-8,15
Nigeria,2020-05-24,-40,-30,-35,-36,-2,15
Nigeria,2020-05-25,-39,-29,-41,-40,-50,26
Nigeria,2020-05-26,-39,-29,-43,-37,-48,24
Nigeria,2020-05-27,-29,-19,-36,-25,-29,18
Nigeria,2020-05-28,-36,-27,-39,-34,-32,22
Nigeria,2020-05-29,-29,-19,-35,-21,-23,19
Nigeria,2020-05-30,-35,-26,-40,-28,-6,14
Nigeria,2020-05-31,-36,-26,-36,-32,5,14
Nigeria,2020-06-01,-28,-21,-35,-23,-26,19
Nigeria,2020-06-02,-32,-24,-38,-29,-30,19
Nigeria,2020-06-03,-25,-15,-32,-21,-24,16
Nigeria,2020-06-04,-28,-18,-34,-23,-25,18
Nigeria,2020-06-05,-26,-15,-31,-18,-19,17
Nigeria,2020-06-06,-31,-21,-36,-24,-2,12
Nigeria,2020-06-07,-32,-22,-31,-29,8,13
Nigeria,2020-06-08,-24,-17,-31,-19,-23,16
Nigeria,2020-06-09,-29,-22,-35,-25,-26,18
Nigeria,2020-06-10,-23,-14,-29,-21,-22,16
Nigeria,2020-06-11,-26,-16,-33,-21,-24,17
Nigeria,2020-06-12,-27,-16,-32,-23,-34,21
Nigeria,2020-06-13,-28,-19,-33,-23,1,12
Nigeria,2020-06-14,-31,-22,-30,-29,9,13
Nigeria,2020-06-15,-21,-15,-29,-20,-22,16
Nigeria,2020-06-16,-24,-17,-32,-20,-24,16
Nigeria,2020-06-17,-25,-17,-32,-23,-23,17
Nigeria,2020-06-18,-31,-24,-35,-31,-27,20
Nigeria,2020-06-19,-23,-13,-27,-17,-17,15
Nigeria,2020-06-20,-27,-19,-32,-24,1,12
Nigeria,2020-06-21,-29,-20,-29,-27,9,12
Nigeria,2020-06-22,-23,-17,-31,-22,-23,17
Nigeria,2020-06-23,-22,-15,-30,-19,-25,16
Nigeria,2020-06-24,-21,-12,-28,-18,-22,15
Nigeria,2020-06-25,-22,-13,-30,-20,-23,16
Nigeria,2020-06-26,-20,-11,-26,-17,-17,15
Nigeria,2020-06-27,-22,-13,-29,-18,0,10
Nigeria,2020-06-28,-29,-21,-29,-32,4,13
Nigeria,2020-06-29,-15,-8,-24,-13,-21,14
Nigeria,2020-06-30,-19,-11,-28,-17,-24,16
Nigeria,2020-07-01,-15,-6,-23,-12,-20,14
Nigeria,2020-07-02,-17,-7,-26,-14,-21,15
Nigeria,2020-07-03,-17,-6,-23,-10,-15,14
Nigeria,2020-07-04,-23,-14,-26,-20,0,11
Nigeria,2020-07-05,-23,-13,-23,-21,7,11
Nigeria,2020-07-06,-13,-5,-21,-8,-20,13
Nigeria,2020-07-07,-17,-9,-28,-15,-23,15
Nigeria,2020-07-08,-18,-8,-24,-12,-20,14
Nigeria,2020-07-09,-19,-8,-26,-14,-21,15
Nigeria,2020-07-10,-18,-7,-21,-6,-16,14
Nigeria,2020-07-11,-19,-8,-25,-11,3,9
Nigeria,2020-07-12,-22,-13,-23,-17,7,11
Nigeria,2020-07-13,-12,-3,-21,-7,-18,13
Nigeria,2020-07-14,-18,-10,-27,-11,-22,14
Nigeria,2020-07-15,-16,-5,-23,-8,-19,14
Nigeria,2020-07-16,-18,-7,-26,-10,-20,15
Nigeria,2020-07-17,-16,-6,-22,-5,-14,14
Nigeria,2020-07-18,-18,-8,-26,-11,4,9
Nigeria,2020-07-19,-22,-13,-22,-16,7,11
Nigeria,2020-07-20,-14,-6,-23,-7,-18,13
Nigeria,2020-07-21,-17,-9,-26,-10,-21,14
Nigeria,2020-07-22,-16,-5,-23,-8,-18,13
Nigeria,2020-07-23,-18,-8,-26,-10,-20,14
Nigeria,2020-07-24,-16,-5,-19,-6,-14,13
Nigeria,2020-07-25,-18,-7,-24,-9,1,9
Nigeria,2020-07-26,-20,-9,-21,-13,6,10
Nigeria,2020-07-27,-11,-1,-19,-4,-19,13
Nigeria,2020-07-28,-13,-3,-21,-6,-21,13
Nigeria,2020-07-29,-9,6,-15,2,-20,10
Nigeria,2020-07-30,-16,3,-20,-5,-41,16
Nigeria,2020-07-31,-27,-15,-25,-19,-46,18
Nigeria,2020-08-01,-22,-13,-21,-16,-12,9
Nigeria,2020-08-02,-20,-11,-14,-13,-3,9
Nigeria,2020-08-03,-11,-2,-15,-6,-22,12
Nigeria,2020-08-04,-13,-3,-17,-4,-22,12
Nigeria,2020-08-05,-11,1,-11,-1,-20,12
Nigeria,2020-08-06,-16,-3,-17,-4,-21,13
Nigeria,2020-08-07,-10,1,-7,1,-12,9
Nigeria,2020-08-08,-11,-1,-11,2,5,5
Nigeria,2020-08-09,-14,-4,-8,-3,9,6
Nigeria,2020-08-10,-7,2,-7,2,-15,9
Nigeria,2020-08-11,-11,-2,-13,-2,-18,10
Nigeria,2020-08-12,-9,2,-8,1,-16,9
Nigeria,2020-08-13,-12,0,-13,1,-17,10
Nigeria,2020-08-14,-10,1,-6,3,-12,9
Nigeria,2020-08-15,-10,0,-11,2,6,4
Nigeria,2020-08-16,-12,-2,-9,0,9,5
Nigeria,2020-08-17,-9,0,-9,2,-14,8
Nigeria,2020-08-18,-12,-3,-15,0,-16,9
Nigeria,2020-08-19,-11,0,-10,0,-14,9
Nigeria,2020-08-20,-13,-1,-16,-1,-16,10
Nigeria,2020-08-21,-12,-2,-10,1,-11,11
Nigeria,2020-08-22,-12,-2,-15,1,6,6
Nigeria,2020-08-23,-13,-4,-11,-2,10,6
Nigeria,2020-08-24,-10,-1,-12,-1,-13,10
Nigeria,2020-08-25,-10,-2,-13,0,-16,10
Nigeria,2020-08-26,-11,0,-11,1,-13,9
Nigeria,2020-08-27,-10,1,-12,0,-15,10
Nigeria,2020-08-28,-11,-1,-9,2,-11,10
Nigeria,2020-08-29,-11,-2,-14,3,4,6
Nigeria,2020-08-30,-11,-3,-8,1,7,6
Nigeria,2020-08-31,-8,0,-10,0,-13,10
Nigeria,2020-09-01,-11,-3,-15,0,-17,11
Nigeria,2020-09-02,-9,2,-10,1,-14,10
Nigeria,2020-09-03,-10,0,-18,1,-15,12
Nigeria,2020-09-04,-9,1,-9,4,-10,12
Nigeria,2020-09-05,-11,-2,-16,6,4,8
Nigeria,2020-09-06,-11,-2,-9,1,6,7
Nigeria,2020-09-07,-6,2,-10,3,-13,11
Nigeria,2020-09-08,-9,-2,-16,3,-16,12
Nigeria,2020-09-09,-15,-7,-14,-7,-16,15
Nigeria,2020-09-10,-8,0,-14,2,-16,14
Nigeria,2020-09-11,-7,2,-5,9,-10,13
Nigeria,2020-09-12,-11,-3,-14,5,2,10
Nigeria,2020-09-13,-12,-5,-10,0,4,10
Nigeria,2020-09-14,-8,-2,-11,3,-12,14
Nigeria,2020-09-15,-13,-8,-19,-2,-17,17
Nigeria,2020-09-16,-9,-1,-10,5,-14,15
Nigeria,2020-09-17,-8,0,-14,5,-15,15
Nigeria,2020-09-18,-9,2,-7,10,-9,14
Nigeria,2020-09-19,-12,-2,-15,6,3,11
Nigeria,2020-09-20,-13,-5,-11,1,4,12
Nigeria,2020-09-21,-10,-2,-12,6,-14,15
Nigeria,2020-09-22,-13,-2,-14,6,-17,15
Nigeria,2020-09-23,-14,2,-11,9,-16,15
Nigeria,2020-09-24,-16,0,-16,6,-18,17
Nigeria,2020-09-25,-12,4,-8,14,-11,15
Nigeria,2020-09-26,-16,-1,-15,11,-3,12
Nigeria,2020-09-27,-17,-1,-5,10,-3,12
Nigeria,2020-09-28,-14,0,-15,8,-15,16
Nigeria,2020-09-29,-15,0,-19,11,-18,15
Nigeria,2020-09-30,-13,1,-15,10,-20,10
Nigeria,2020-10-01,-19,-5,-28,-4,-50,13
Nigeria,2020-10-02,-15,-1,-15,9,-17,5
Nigeria,2020-10-03,-18,-4,-22,8,-13,3
Nigeria,2020-10-04,-20,-7,-16,1,-17,2
Nigeria,2020-10-05,-14,-3,-19,7,-22,5
Nigeria,2020-10-06,-19,-10,-27,2,-25,7
Nigeria,2020-10-07,-13,0,-17,7,-18,6
Nigeria,2020-10-08,-13,1,-21,5,-17,10
Nigeria,2020-10-09,-12,2,-12,7,-10,10
Nigeria,2020-10-10,-15,-2,-19,5,-4,8
Nigeria,2020-10-11,-15,-3,-12,3,-6,8
Nigeria,2020-10-12,-12,1,-15,8,-16,10
Nigeria,2020-10-13,-15,-3,-23,2,-19,12
Nigeria,2020-10-14,-17,0,-23,5,-17,13
Nigeria,2020-10-15,-14,4,-23,9,-17,13
Nigeria,2020-10-16,-14,4,-17,14,-12,12
Nigeria,2020-10-17,-20,-1,-22,11,-4,9
Nigeria,2020-10-18,-21,-4,-19,6,-5,10
Nigeria,2020-10-19,-22,-5,-25,3,-20,16
Nigeria,2020-10-20,-33,-17,-36,-22,-32,22
Nigeria,2020-10-21,-52,-44,-52,-62,-52,29
Nigeria,2020-10-22,-50,-43,-50,-63,-54,28
Nigeria,2020-10-23,-50,-41,-48,-59,-51,29
Nigeria,2020-10-24,-40,-28,-41,-39,-26,16
Nigeria,2020-10-25,-38,-25,-34,-34,-19,13
Nigeria,2020-10-26,-25,-13,-32,-17,-29,16
Nigeria,2020-10-27,-22,-10,-28,-7,-27,13
Nigeria,2020-10-28,-20,-6,-25,-2,-23,12
Nigeria,2020-10-29,-21,-5,-29,-8,-45,19
Nigeria,2020-10-30,-19,-4,-22,2,-18,11
Nigeria,2020-10-31,-18,-6,-20,6,-10,8
Nigeria,2020-11-01,-19,-7,-18,3,-12,7
Nigeria,2020-11-02,-14,-3,-23,5,-18,10
Nigeria,2020-11-03,-12,-2,-22,9,-18,9
Nigeria,2020-11-04,-14,-2,-20,7,-17,10
Nigeria,2020-11-05,-12,-1,-19,8,-17,10
Nigeria,2020-11-06,-13,-1,-18,10,-13,10
Nigeria,2020-11-07,-13,-2,-15,11,-6,7
Nigeria,2020-11-08,-16,-8,-14,6,-9,7
Nigeria,2020-11-09,-13,-3,-20,6,-16,10
Nigeria,2020-11-10,-11,-3,-20,9,-17,10
Nigeria,2020-11-11,-12,-2,-18,7,-16,10
Nigeria,2020-11-12,-10,0,-17,9,-15,9
Nigeria,2020-11-13,-11,0,-13,10,-13,9
Nigeria,2020-11-14,-11,-4,-15,9,-7,5
Nigeria,2020-11-15,-14,-8,-13,7,-10,7
Nigeria,2020-11-16,-12,-4,-18,7,-15,10
Nigeria,2020-11-17,-12,-4,-17,9,-16,10
Nigeria,2020-11-18,-13,-4,-17,6,-15,10
Nigeria,2020-11-19,-12,-1,-15,8,-14,9
Nigeria,2020-11-20,-11,0,-14,10,-11,9
Nigeria,2020-11-21,-10,-2,-14,11,-5,6
Nigeria,2020-11-22,-14,-7,-13,6,-9,7
Nigeria,2020-11-23,-12,-2,-18,8,-13,9
Nigeria,2020-11-24,-11,-2,-15,13,-14,9
Nigeria,2020-11-25,-11,0,-16,10,-13,9
Nigeria,2020-11-26,-8,4,-15,13,-13,9
Nigeria,2020-11-27,-8,4,-9,15,-10,8
Nigeria,2020-11-28,-7,2,-11,16,-5,5
Nigeria,2020-11-29,-10,-2,-8,13,-7,5
Nigeria,2020-11-30,-8,2,-15,11,-11,8
Nigeria,2020-12-01,-5,4,-14,18,-11,8
Nigeria,2020-12-02,-6,6,-13,17,-10,9
Nigeria,2020-12-03,-4,7,-12,18,-10,8
Nigeria,2020-12-04,-3,9,-7,22,-7,7
Nigeria,2020-12-05,-5,3,-10,13,-4,5
Nigeria,2020-12-06,-5,1,-5,17,-5,5
Nigeria,2020-12-07,-6,4,-13,15,-11,8
Nigeria,2020-12-08,-7,2,-13,17,-11,8
Nigeria,2020-12-09,-10,3,-10,16,-11,10
Nigeria,2020-12-10,-8,7,-7,20,-11,12
Nigeria,2020-12-11,-8,8,-4,22,-9,11
Nigeria,2020-12-12,-7,5,0,27,-2,7
Nigeria,2020-12-13,-12,0,5,23,-5,9
Nigeria,2020-12-14,-8,6,-9,18,-12,13
Nigeria,2020-12-15,-6,7,-6,25,-13,12
Nigeria,2020-12-16,-9,8,-7,20,-12,12
Nigeria,2020-12-17,-5,11,-5,23,-12,12
Nigeria,2020-12-18,-5,11,-1,26,-11,11
Nigeria,2020-12-19,-3,11,3,32,-2,6
Nigeria,2020-12-20,-8,6,9,28,-4,8
Nigeria,2020-12-21,-3,13,-6,21,-19,13
Nigeria,2020-12-22,-2,15,-5,26,-22,12
Nigeria,2020-12-23,-2,21,-4,27,-24,13
Nigeria,2020-12-24,3,34,-4,35,-31,12
Nigeria,2020-12-25,-30,-16,-21,-12,-65,25
Nigeria,2020-12-26,-18,-7,-11,4,-29,13
Nigeria,2020-12-27,-10,2,6,16,-13,10
Nigeria,2020-12-28,-14,1,-14,3,-53,23
Nigeria,2020-12-29,-12,1,-11,11,-37,17
Nigeria,2020-12-30,-13,3,-11,9,-36,19
Nigeria,2020-12-31,-9,15,-9,19,-38,16
Nigeria,2021-01-01,-36,-27,-22,-23,-68,29
Nigeria,2021-01-02,-24,-12,-15,-6,-31,17
Nigeria,2021-01-03,-15,-4,2,11,-10,10
Nigeria,2021-01-04,-17,-3,-16,-1,-32,19
Nigeria,2021-01-05,-16,-3,-15,3,-29,18
Nigeria,2021-01-06,-16,0,-14,2,-25,19
Nigeria,2021-01-07,-13,2,-13,4,-24,18
Nigeria,2021-01-08,-13,2,-11,5,-19,18
Nigeria,2021-01-09,-13,0,-13,6,-4,11
Nigeria,2021-01-10,-12,-2,-5,7,-2,11
Nigeria,2021-01-11,-8,3,-12,6,-17,16
Nigeria,2021-01-12,-10,0,-14,6,-18,16
Nigeria,2021-01-13,-13,-2,-16,0,-18,15
Nigeria,2021-01-14,-13,-1,-18,-1,-20,15
Nigeria,2021-01-15,-15,-3,-17,-2,-19,15
Nigeria,2021-01-16,-18,-6,-21,-1,-10,12
Nigeria,2021-01-17,-15,-8,-12,0,-7,12
Nigeria,2021-01-18,-12,-2,-17,2,-19,15
Nigeria,2021-01-19,-12,-4,-17,3,-20,14
Nigeria,2021-01-20,-13,-3,-17,-1,-17,16
Nigeria,2021-01-21,-11,-2,-17,1,-17,16
Nigeria,2021-01-22,-12,-2,-14,2,-13,15
Nigeria,2021-01-23,-13,-2,-16,4,-3,12
Nigeria,2021-01-24,-13,-6,-9,2,-5,13
Nigeria,2021-01-25,-8,0,-14,5,-15,14
Nigeria,2021-01-26,-9,-2,-14,5,-16,14
Nigeria,2021-01-27,-10,-1,-14,3,-15,15
Nigeria,2021-01-28,-7,2,-10,7,-15,14
Nigeria,2021-01-29,-7,3,-9,9,-13,11
Nigeria,2021-01-30,-8,3,-9,12,-8,7
Nigeria,2021-01-31,-10,0,-7,10,-10,8
Nigeria,2021-02-01,-5,5,-12,9,-17,10
Nigeria,2021-02-02,-5,4,-9,12,-18,10
Nigeria,2021-02-03,-9,3,-11,7,-17,11
Nigeria,2021-02-04,-9,4,-10,8,-18,11
Nigeria,2021-02-05,-9,4,-5,9,-15,10
Nigeria,2021-02-06,-10,2,-6,11,-9,8
Nigeria,2021-02-07,-15,-6,-1,4,-12,9
Nigeria,2021-02-08,-9,4,-11,10,-19,10
Nigeria,2021-02-09,-7,4,-10,11,-19,10
Nigeria,2021-02-10,-9,3,-12,8,-17,11
Nigeria,2021-02-11,-8,5,-15,7,-17,11
Nigeria,2021-02-12,-9,4,-16,7,-15,9
Nigeria,2021-02-13,-9,3,-19,6,-11,7
Nigeria,2021-02-14,3,6,-9,6,-11,7
Nigeria,2021-02-15,-9,1,-22,3,-17,10
Nigeria,2021-02-16,-8,0,-22,7,-18,10
Nigeria,2021-02-17,-10,2,-20,6,-15,10
Nigeria,2021-02-18,-8,4,-20,6,-15,10
Nigeria,2021-02-19,-10,2,-21,3,-13,11
Nigeria,2021-02-20,-9,5,-17,8,-6,8
Nigeria,2021-02-21,-12,-1,-14,2,-9,9
Nigeria,2021-02-22,-7,4,-19,7,-13,11
Nigeria,2021-02-23,-5,4,-18,9,-13,10
Nigeria,2021-02-24,-7,5,-18,6,-12,11
Nigeria,2021-02-25,-5,7,-18,9,-13,11
Nigeria,2021-02-26,-5,9,-15,11,-11,10
Nigeria,2021-02-27,-5,9,-14,12,-6,7
Nigeria,2021-02-28,-7,4,-11,7,-8,7
Nigeria,2021-03-01,-3,9,-18,11,-11,9
Nigeria,2021-03-02,-2,9,-18,13,-12,9
Nigeria,2021-03-03,-2,10,-17,12,-11,10
Nigeria,2021-03-04,0,12,-17,12,-12,10
Nigeria,2021-03-05,-1,13,-13,14,-9,9
Nigeria,2021-03-06,-3,10,-14,13,-5,7
Nigeria,2021-03-07,-5,6,-10,7,-6,7
Nigeria,2021-03-08,0,11,-17,12,-10,9
Nigeria,2021-03-09,-1,9,-16,13,-11,9
Nigeria,2021-03-10,-3,9,-16,11,-10,10
Nigeria,2021-03-11,-1,10,-14,13,-10,9
Nigeria,2021-03-12,-4,9,-11,18,-7,8
Nigeria,2021-03-13,-6,7,-12,11,-4,6
Nigeria,2021-03-14,-8,3,-8,3,-6,8
Nigeria,2021-03-15,-1,10,-13,13,-8,9
Nigeria,2021-03-16,-1,9,-13,15,-9,9
Nigeria,2021-03-17,-4,9,-13,11,-7,10
Nigeria,2021-03-18,-3,10,-14,12,-8,10
Nigeria,2021-03-19,-2,13,-9,16,-4,9
Nigeria,2021-03-20,-3,11,-9,16,0,6
Nigeria,2021-03-21,-8,6,-7,8,-4,7
Nigeria,2021-03-22,-2,10,-13,14,-7,9
Nigeria,2021-03-23,-3,7,-14,14,-9,9
Nigeria,2021-03-24,-3,10,-13,14,-8,10
Nigeria,2021-03-25,1,14,-11,17,-7,8
Nigeria,2021-03-26,1,16,-6,20,-4,7
Nigeria,2021-03-27,0,14,-6,19,-3,5
Nigeria,2021-03-28,-4,9,-5,11,-5,6
Nigeria,2021-03-29,2,15,-11,16,-7,8
Nigeria,2021-03-30,3,15,-11,20,-8,8
Nigeria,2021-03-31,5,20,-9,22,-8,8
Nigeria,2021-04-01,9,25,-6,26,-9,6
Nigeria,2021-04-02,-2,20,-11,12,-41,15
Nigeria,2021-04-03,2,19,-7,16,-9,5
Nigeria,2021-04-04,3,13,0,10,-12,4
Nigeria,2021-04-05,-5,7,-20,-3,-57,20
Nigeria,2021-04-06,2,14,-14,19,-13,8
Nigeria,2021-04-07,1,15,-12,16,-13,9
Nigeria,2021-04-08,2,17,-12,16,-12,9
Nigeria,2021-04-09,2,19,-9,18,-10,9
Nigeria,2021-04-10,1,15,-9,16,-5,5
Nigeria,2021-04-11,-3,9,-6,11,-8,7
Nigeria,2021-04-12,4,19,-12,17,-10,9
Nigeria,2021-04-13,-1,14,-15,15,-11,10
Nigeria,2021-04-14,-2,15,-15,14,-10,10
Nigeria,2021-04-15,1,16,-15,13,-9,10
Nigeria,2021-04-16,-1,17,-12,15,-6,10
Nigeria,2021-04-17,-5,9,-14,10,-4,9
Nigeria,2021-04-18,-10,3,-13,-1,-8,11
Nigeria,2021-04-19,2,16,-15,15,-7,11
Nigeria,2021-04-20,1,14,-14,18,-8,10
Nigeria,2021-04-21,-1,15,-15,15,-7,11
Nigeria,2021-04-22,-1,15,-16,14,-7,12
Nigeria,2021-04-23,1,18,-10,18,-3,10
Nigeria,2021-04-24,1,17,-9,18,1,8
Nigeria,2021-04-25,-3,10,-7,11,-3,8
Nigeria,2021-04-26,2,17,-15,16,-5,11
Nigeria,2021-04-27,2,15,-13,19,-6,10
Nigeria,2021-04-28,1,17,-13,18,-6,11
Nigeria,2021-04-29,4,21,-13,21,-5,10
Nigeria,2021-04-30,4,23,-9,23,-1,9
Nigeria,2021-05-01,4,23,-9,21,2,6
Nigeria,2021-05-02,-1,13,-6,12,-3,8
Nigeria,2021-05-03,-2,19,-21,5,-43,22
Nigeria,2021-05-04,6,21,-12,26,-3,8
Nigeria,2021-05-05,4,22,-12,22,-4,9
Nigeria,2021-05-06,5,23,-12,21,-3,10
Nigeria,2021-05-07,3,22,-7,23,1,9
Nigeria,2021-05-08,1,18,-10,18,4,8
Nigeria,2021-05-09,-4,11,-7,11,-2,9
Nigeria,2021-05-10,7,23,-10,23,-4,9
Nigeria,2021-05-11,10,26,-7,30,-5,8
Nigeria,2021-05-12,-2,22,-19,9,-42,21
Nigeria,2021-05-13,-4,11,-17,-1,-52,20
Nigeria,2021-05-14,2,20,-8,17,-14,12
Nigeria,2021-05-15,3,18,-4,17,-5,8
Nigeria,2021-05-16,3,15,3,17,-3,7
Nigeria,2021-05-17,9,25,-5,28,-2,9
Nigeria,2021-05-18,9,22,-5,29,-2,9
Nigeria,2021-05-19,6,23,-5,23,-1,10
Nigeria,2021-05-20,9,27,-3,21,0,10
Nigeria,2021-05-21,9,27,2,28,4,9
Nigeria,2021-05-22,3,16,-3,20,3,9
Nigeria,2021-05-23,2,15,7,17,4,8
Nigeria,2021-05-24,8,25,-5,23,1,10
Nigeria,2021-05-25,9,24,-2,26,1,9
Nigeria,2021-05-26,10,26,-2,24,1,9
Nigeria,2021-05-27,18,33,1,24,-3,10
Nigeria,2021-05-28,15,34,7,30,6,7
Nigeria,2021-05-29,15,28,8,31,5,6
Nigeria,2021-05-30,7,20,12,21,1,8
Nigeria,2021-05-31,9,22,-2,23,-2,12
Nigeria,2021-06-01,14,29,1,25,1,10
Nigeria,2021-06-02,18,35,5,31,4,9
Nigeria,2021-06-03,20,36,5,32,5,9
Nigeria,2021-06-04,14,31,6,30,5,11
Nigeria,2021-06-05,15,30,9,32,7,6
Nigeria,2021-06-06,10,23,15,25,3,6
Nigeria,2021-06-07,17,33,4,29,5,8
Nigeria,2021-06-08,14,26,1,28,2,10
Nigeria,2021-06-09,14,30,2,31,2,9
Nigeria,2021-06-10,19,36,3,33,3,9
Nigeria,2021-06-11,17,39,8,37,4,9
Nigeria,2021-06-12,-14,-2,-20,-16,-16,18
Nigeria,2021-06-13,10,21,11,18,1,9
Nigeria,2021-06-14,12,31,-5,14,-39,20
Nigeria,2021-06-15,15,27,1,32,4,7
Nigeria,2021-06-16,15,30,3,31,2,8
Nigeria,2021-06-17,19,33,3,29,3,8
Nigeria,2021-06-18,16,32,7,31,7,9
Nigeria,2021-06-19,14,27,3,31,9,6
Nigeria,2021-06-20,3,13,3,12,-2,9
Nigeria,2021-06-21,12,26,-1,27,1,8
Nigeria,2021-06-22,12,23,0,29,0,8
Nigeria,2021-06-23,13,27,0,27,2,9
Nigeria,2021-06-24,18,33,3,29,3,8
Nigeria,2021-06-25,18,34,8,33,7,8
Nigeria,2021-06-26,10,21,-1,20,2,9
Nigeria,2021-06-27,12,23,12,25,3,7
Nigeria,2021-06-28,15,29,-1,27,3,7
Nigeria,2021-06-29,15,26,0,27,2,8
Nigeria,2021-06-30,17,31,2,29,4,8
Nigeria,2021-07-01,21,36,5,32,6,9
Nigeria,2021-07-02,21,37,8,35,10,9
Nigeria,2021-07-03,13,27,2,26,7,9
Nigeria,2021-07-04,15,29,14,28,3,7
Nigeria,2021-07-05,22,36,5,33,7,8
Nigeria,2021-07-06,22,33,5,38,6,8
Nigeria,2021-07-07,21,34,4,32,5,9
Nigeria,2021-07-08,21,35,4,31,6,9
Nigeria,2021-07-09,20,36,8,35,10,10
Nigeria,2021-07-10,19,33,7,37,10,7
Nigeria,2021-07-11,12,23,12,29,4,8
Nigeria,2021-07-12,17,31,2,33,5,10
Nigeria,2021-07-13,21,33,6,35,5,9
Nigeria,2021-07-14,19,32,4,29,5,9
Nigeria,2021-07-15,22,36,7,36,6,9
Nigeria,2021-07-16,15,30,9,32,7,10
Nigeria,2021-07-17,19,35,9,40,9,6
Nigeria,2021-07-18,15,30,17,31,3,7
Nigeria,2021-07-19,27,49,11,40,-4,9
Nigeria,2021-07-20,5,16,-4,9,-54,19
Nigeria,2021-07-21,6,21,-5,9,-51,20
Nigeria,2021-07-22,19,33,6,28,-5,10
Nigeria,2021-07-23,21,39,12,35,1,10
Nigeria,2021-07-24,-3,7,-9,-12,-14,17
Nigeria,2021-07-25,13,24,17,31,1,7
Nigeria,2021-07-26,19,33,5,31,1,11
Nigeria,2021-07-27,23,34,9,35,2,10
Nigeria,2021-07-28,22,35,11,32,3,10
Nigeria,2021-07-29,26,39,13,33,4,10
Nigeria,2021-07-30,24,39,17,37,7,10
Nigeria,2021-07-31,23,36,16,39,9,6
Nigeria,2021-08-01,15,25,20,30,3,8
Nigeria,2021-08-02,23,36,12,32,4,10
Nigeria,2021-08-03,24,35,13,33,1,10
Nigeria,2021-08-04,20,34,10,29,1,11
Nigeria,2021-08-05,23,36,11,29,1,11
Nigeria,2021-08-06,23,37,17,34,6,10
Nigeria,2021-08-07,19,30,13,33,9,8
Nigeria,2021-08-08,14,26,23,31,3,9
Nigeria,2021-08-09,18,28,7,28,-3,13
Nigeria,2021-08-10,23,33,11,33,1,11
Nigeria,2021-08-11,20,32,9,31,2,11
Nigeria,2021-08-12,24,36,12,32,3,11
Nigeria,2021-08-13,21,36,15,34,6,11
Nigeria,2021-08-14,21,31,15,37,10,7
Nigeria,2021-08-15,12,24,19,27,3,9
Nigeria,2021-08-16,15,26,5,27,-2,13
Nigeria,2021-08-17,20,31,8,32,0,11
Nigeria,2021-08-18,17,32,5,29,3,12
Nigeria,2021-08-19,20,33,6,31,3,12
Nigeria,2021-08-20,19,33,12,32,5,12
Nigeria,2021-08-21,16,26,9,28,8,9
Nigeria,2021-08-22,10,20,12,23,3,10
Nigeria,2021-08-23,15,26,0,25,0,13
Nigeria,2021-08-24,20,30,6,30,2,11
Nigeria,2021-08-25,18,30,6,28,2,12
Nigeria,2021-08-26,22,35,7,32,2,11
Nigeria,2021-08-27,21,35,12,33,5,11
Nigeria,2021-08-28,18,28,9,33,7,9
Nigeria,2021-08-29,12,23,16,27,3,9
Nigeria,2021-08-30,19,29,3,27,-1,13
Nigeria,2021-08-31,25,35,11,35,3,10
Nigeria,2021-09-01,20,33,7,33,2,11
Nigeria,2021-09-02,21,33,8,25,0,13
Nigeria,2021-09-03,17,29,10,25,2,14
Nigeria,2021-09-04,19,33,15,36,9,9
Nigeria,2021-09-05,14,26,20,28,3,9
Nigeria,2021-09-06,20,30,7,29,-1,13
Nigeria,2021-09-07,24,34,11,36,1,11
Nigeria,2021-09-08,24,37,12,34,3,11
Nigeria,2021-09-09,21,31,8,31,0,13
Nigeria,2021-09-10,22,36,16,37,7,11
Nigeria,2021-09-11,21,33,15,37,12,8
Nigeria,2021-09-12,14,25,20,30,5,9
Nigeria,2021-09-13,12,21,0,19,-3,15
Nigeria,2021-09-14,21,28,10,34,-1,12
Nigeria,2021-09-15,22,34,12,32,3,10
Nigeria,2021-09-16,23,35,11,34,3,10
Nigeria,2021-09-17,23,36,16,36,7,11
Nigeria,2021-09-18,20,31,14,34,12,8
Nigeria,2021-09-19,14,24,19,26,7,9
Nigeria,2021-09-20,19,28,6,28,2,11
Nigeria,2021-09-21,20,27,8,30,3,11
Nigeria,2021-09-22,15,25,3,23,4,13
Nigeria,2021-09-23,25,37,13,34,8,10
Nigeria,2021-09-24,22,34,14,35,10,10
Nigeria,2021-09-25,15,25,10,27,9,9
Nigeria,2021-09-26,13,24,18,26,7,9
Nigeria,2021-09-27,18,28,4,27,4,11
Nigeria,2021-09-28,21,30,9,33,5,9
Nigeria,2021-09-29,20,31,9,32,5,10
Nigeria,2021-09-30,28,40,14,38,6,8
Nigeria,2021-10-01,15,27,7,21,-37,21
Nigeria,2021-10-02,22,31,13,32,9,8
Nigeria,2021-10-03,14,22,17,28,5,8
Nigeria,2021-10-04,21,29,7,32,3,10
Nigeria,2021-10-05,25,33,11,36,4,9
Nigeria,2021-10-06,24,34,10,33,6,10
Nigeria,2021-10-07,29,40,12,37,8,9
Nigeria,2021-10-08,28,41,18,39,12,9
Nigeria,2021-10-09,18,26,9,30,10,8
Nigeria,2021-10-10,19,28,24,30,6,8
Nigeria,2021-10-11,22,31,8,31,5,11
Nigeria,2021-10-12,27,34,11,36,7,9
Nigeria,2021-10-13,24,32,11,34,8,10
Nigeria,2021-10-14,28,35,12,35,9,9
Nigeria,2021-10-15,27,35,16,38,12,9
Nigeria,2021-10-16,24,30,15,36,14,8
Nigeria,2021-10-17,18,23,22,30,7,9
Nigeria,2021-10-18,22,27,7,31,4,11
Nigeria,2021-10-19,20,28,4,21,-35,21
Nigeria,2021-10-20,25,33,11,34,8,10
Nigeria,2021-10-21,24,28,10,33,4,12
Nigeria,2021-10-22,25,34,15,38,12,10
Nigeria,2021-10-23,23,29,17,35,14,8
Nigeria,2021-10-24,20,25,22,27,9,9
Nigeria,2021-10-25,22,27,5,27,4,12
Nigeria,2021-10-26,29,33,13,38,7,9
Nigeria,2021-10-27,28,35,14,35,8,9
Nigeria,2021-10-28,30,37,16,35,7,9
Nigeria,2021-10-29,31,39,21,40,11,9
Nigeria,2021-10-30,29,34,19,40,13,7
